Název videa;Views;Dokoukanost 25 %;Dokoukanost 50 %;Dokoukanost 75 %;Dokoukanost 100 %;Dokoukanost 25 %;Dokoukanost 50 %;Dokoukanost 75 %;Dokoukanost 100 %;KP 28 (Views);KP 7 (Views)
Krimi - Nebyl důvod střílet. Bezpečnostní odborník hodnotí mrazivé video ze smrtelného zásahu policisty v Ďáblicích;397177;322493;305407;305407;305404;81,19629284;76,89443246;76,89443246;76,89367713;;
Počasí - Na jihu Španělska udeřila „Satanova bouře“, lidé prchali z pláže;271875;250507;227446;225138;207295;92,14050575;83,65829885;82,80937931;76,24643678;;
Krimi - Řidič kamionu držel na dálnici u Brna místo volantu talíř a obědval. Natočila ho policejní dodávka;245205;227876;202351;202351;202086;92,9328521;82,52319488;82,52319488;82,41512204;;
Evropa - Ze vzlétajícího letadla na Korfu šlehaly plameny. Cestující už psali SMS na rozloučenou;232821;212818;211193;199415;199415;91,40842106;90,71045997;85,65163795;85,65163795;;230027,7143
Parlamentní volby - Chcete mi vrazit? Fiala v Jihlavě zaskočil neodbytného odpůrce;209981;185719;166188;146696;124540;88,44562127;79,14430353;69,8615589;59,31012806;;
Zahraniční - Francouzský influencer zemřel v přímém přenosu po dvanácti dnech týrání a ponižování;205647;180486;179649;166336;166336;87,76495645;87,35794833;80,88423366;80,88423366;;
Zahraniční - Čech v Egyptě poranil mořskou želvu. Vyryl jí jméno na krunýř;184841;169451;152900;152113;139181;91,67392516;82,71974291;82,29397158;75,29768828;;
Krimi - Řidič ve Šternberku ujížděl hlídce a na přejezdu ho smetl vlak. Policie zveřejnila video;174134;163036;157094;147844;122903;93,62674722;90,21443256;84,90243146;70,57955368;;
Krimi - Policie hledá osahávače z metra, oběť si ho stihla zblízka natočit;168945;134059;118562;106061;91845;79,35067626;70,17786854;62,77841901;54,36384622;;
Koktejl - Záběry jako z komedie. Bílá holubice se během přehlídky urputně držela čepice pochodujícího vojáka;141904;132573;124114;123009;121623;93,42442778;87,46335551;86,68466005;85,7079434;;
Válka na Ukrajině - Zelenskyj si v Bílém domě rýpl do novináře, který ho v únoru urazil;121360;109100;102961;100715;96728;89,89782465;84,83932103;82,98862887;79,7033619;;
Domácí - Bezpečnostní expert: Klusovo video vzbuzuje nenávist. „Prolhaný idiot“ je podle něj hyperbola;114008;88794;73757;61484;50497;77,88400814;64,69458284;53,9295488;44,29250579;;
Válka na Ukrajině - ON-LINE: Bezpečnostní záruky budou, slíbil Trump. Ale žádné vojáky NATO, reaguje Rusko;102002;2351;739;361;235;2,304856768;0,724495598;0,353914629;0,230387639;;102002
Zahraniční - Krokodýl před očima rodiny unesl muže. Vydal jej až po několika hodinách mrtvého;100528;92129;88513;83863;83863;91,6451138;88,048106;83,42252905;83,42252905;;
Věda a školy - Světový objev v umělé jeskyni kroměřížského zámku. Je plná polodrahokamů;98832;78756;59118;48353;38065;79,68674114;59,81665857;48,92443743;38,51485349;;
Koktejl - Krokodýl vnikl do supermarketu. Na dlaždičkách mezi regály mu to děsně klouzalo;95488;73043;62910;49326;40456;76,49442862;65,88262399;51,65675268;42,36762735;;
Bydlení - Postavili dům, do kterého nechali dírou ve zdi prorůstat strom;92620;81377;72423;62484;62483;87,8611531;78,19369467;67,46275103;67,46167135;;
Válka na Ukrajině - ON-LINE: Schůzka Putina a Zelenského je dohodnuta;89344;892;523;384;293;0,998388252;0,585377865;0,429799427;0,327945917;;
Válka na Ukrajině - Pohodlně udeří na Moskvu. Zelenskyj oznámil sériovou výrobu raket Flamingo;84838;71809;64448;56913;47940;84,64249511;75,96595865;67,08432542;56,50769702;;
Krimi - Obří noční zátah v Praze. Policie zastavila 1400 aut;82027;75302;69639;63741;63741;91,80148;84,89765565;77,70734027;77,70734027;;
Krimi - Policie vyšetřuje obří podvod s covidovými dotacemi;76719;60419;47647;41982;36527;78,75363339;62,10586686;54,72177687;47,61141308;;
Krimi - Mimořádný zásah u Prahy. Muž napadl cestující na lodi, se kterou pak ujel z Vltavy na Berounku;74102;65306;57124;49597;43532;88,12987504;77,0883377;66,93071712;58,74605274;;
Válka na Ukrajině - Lidé pokojně spali. Rusové zaútočili na dům v Charkově schválně, ukazuje video;69319;63797;57294;52748;45106;92,03393009;82,65266377;76,09457724;65,07018278;;67208,85714
Evropa - Hluboko v Polsku spadl záhadný předmět a explodoval. Média píší o ruském šáhidu;66739;45193;34388;26563;19605;67,71602811;51,52609419;39,80131557;29,37562744;;
Zahraniční - Použili dron naváděný laserem. Ukrajinci zlikvidovali ruský člun v Černém moři;65353;61311;61075;58748;58748;93,81512708;93,45401129;89,89334843;89,89334843;;
AutoMoto - Létající taxi poprvé vzlétlo, služba nemá stát více než běžný taxík;60912;55022;49566;42534;42533;90,33031258;81,37312845;69,8286052;69,82696349;;
Počasí - Začátkem září se čekají nadprůměrné teploty;57128;701;271;115;63;1,227069038;0,474373337;0,201302339;0,110278672;;
Krimi - Chlapec na motorce u Prahy předjížděl autobus a čelně narazil do auta;57121;48585;40053;40053;40053;85,05628403;70,11957074;70,11957074;70,11957074;;52632,71429
Zahraniční - Rusové stihli na Aljašce i reportáž. Muž převzal motocykl Ural věnovaný Putinem;56348;52126;49638;46189;42916;92,50727621;88,09185774;81,97096614;76,16241925;;53928,28571
Komentáře - Trefa Milana Mikuleckého: Vyjádření Blažka je děsivé;54335;44176;33801;25596;19603;81,30302751;62,20852121;47,10775743;36,07803442;;
Krimi - Řemeslníci z Břeclavi nemohou z policie vypáčit při razii zajištěný vercajk za statisíce. Ženou to výš;54025;48898;46841;44507;41811;90,5099491;86,70245257;82,38223045;77,39194817;;
Počasí - Hurikán Erin zamíří k Evropě. I když slábne, může ovlivnit počasí v Česku;53700;48663;43683;43488;42844;90,62011173;81,34636872;80,98324022;79,7839851;;
Koktejl - Rarita v ostravské zoo: Mláďata koček, které vypadají jako lasičky;51532;45984;36344;28698;18969;89,2338741;70,52705115;55,68966856;36,81013739;;
Parlamentní volby - Spolu představilo program: Reforma EU a přijetí eura „za výhodných podmínek“;51158;3738;1494;888;474;7,306775089;2,920364361;1,735798898;0,926541303;;
Krimi - Žena v Plzni zakopla a přejela ji tramvaj;48750;38822;30133;30133;30133;79,63487179;61,81128205;61,81128205;61,81128205;;
Blízký a Střední východ - Húsíové si troufli ostřelovat Tel Aviv kazetovou municí. Izrael si to líbit nenechal;47432;42955;38596;38163;36285;90,56122449;81,37122618;80,45834036;76,49898802;;
Cestování - Čech dvakrát vyrazil na jednu z nejizolovanějších tras světa. Potíže na sebe nenechaly dlouho čekat;45224;1762;989;691;420;3,89616133;2,186891916;1,527949761;0,928710419;;35504,71429
Zdraví - V jednatřiceti dostal mrtvici, přestože žil zdravě a sportoval. Dnes mladý lékař bojuje za návrat na porodní sál;44473;36438;29877;24218;20901;81,93285814;67,18008679;54,45551233;46,99705439;;
Krimi - Sebevrah v centru Plzně skočil z mostu do řeky. Na místě zemřel;41199;34818;29102;24247;24247;84,51175999;70,63763684;58,85337023;58,85337023;;
Počasí - Čekají nás příjemné letní dny;40363;1011;422;212;151;2,504769219;1,045511979;0,525233506;0,374104997;;40209,14286
Plzeňský kraj - Dvě buchty vs. bagry. Kavárna na rozkopaném plzeňském náměstíčku bojuje o přežití;40322;32811;30058;27494;25117;81,37245176;74,54491345;68,18610188;62,29105699;;
Krimi - Obětí vraždy v Ratenicích se stala 78letá žena, podezřelý je cizinec;39852;30245;25159;17118;14579;75,89330523;63,13108501;42,95392954;36,58285657;;
Počasí - Ráno mrzlo a padaly rekordy;38925;2;0;0;0;0,005138086;0;0;0;;
Počasí - Česko čeká chladný víkend;38620;1394;454;229;163;3,609528742;1,175556706;0,592957017;0,422061108;;
Válka na Ukrajině - To je zase ráno, sakra. Obyvatele ruského přístavu vytočil další útok dronů;37840;34494;31703;31184;29362;91,15750529;83,78171247;82,41014799;77,59513742;;
Plzeňský kraj - Ráj vepřů a ruiny kolem. Památný dvůr pod Zelenou Horou ale už vstává z popela;37533;31966;29685;27543;24800;85,16771907;79,09040045;73,38342259;66,07518717;;36350,57143
Koktejl - Muž zůstal dva dny uvězněný za vodopádem v Kalifornii;37354;24699;21447;18063;14140;66,12143278;57,41553783;48,35626707;37,85404508;;
Krimi - Policie u hlavního nádraží v Praze objevila mrtvolu;36835;27142;26982;22365;22364;73,6853536;73,25098412;60,71670965;60,71399484;;33699,28571
Krimi - Sok se střelenými hýžděmi, hrozby zabitím. Řádění muže mezi paneláky v Praze utnula policie;35838;30374;27440;24753;22255;84,75361348;76,5667727;69,06914448;62,09888945;;
Zbytečná válka - Bylo úděsné, jak protagonisté popírali skutečnost, říká tlumočnice z Velkého vlasteneckého výletu;35495;8356;4145;2874;1498;23,54134385;11,67770108;8,096915058;4,22031272;;
Krimi - Nákladní vůz s bagrem zavadil u Třebíze o pilíř mostu, spadla z něj traverza na projíždějící auto;33853;29746;25943;22006;22005;87,86813576;76,6342717;65,00457862;65,00162467;;
Koktejl - Chromá ovečka dostala elektrický vozík, řídí jej sama;33141;27146;22912;17820;14678;81,9106243;69,13490842;53,77025437;44,28955071;;
Krimi - Fotbalista Petrouš, který podvodně nabízel luxusní pražské byty, dluží miliony a nesplácí;32595;24441;19817;16879;13907;74,98389324;60,79766835;51,78401595;42,66605308;;
Cestování - Automobilový les začal jedním převráceným vozem. Dnes je vyhledávanou turistickou atrakcí;32176;21636;16905;13405;12696;67,24266534;52,53915962;41,66148682;39,4579811;;
Krimi - Tragická nehoda zastavila vlaky mezi Prahou a Plzní;31973;20962;13973;11540;9575;65,56156757;43,70249898;36,09295343;29,9471429;;
Krimi - Nadávky a hlasitá hudba. Vlastenecké setkání na Příbramsku provázely konflikty s odpůrci;30722;26146;24359;22565;21219;85,10513638;79,28845778;73,44899421;69,06776903;;
Krimi - Cyklista u Prahy nepřežil srážku s autem;30173;24287;19337;19149;18522;80,49249329;64,08709774;63,46402413;61,38600736;;26088,14286
Zahraniční - Dobýt území Krymu či Donbasu nikdy nebylo naším cílem, dušuje se Lavrov;30036;27497;25630;23449;21376;91,54681049;85,33093621;78,06964975;71,16793182;;
Lifestyle - Extrémní kousek motokrosaře na německé dálnici. Z jedoucího kamionu přeskočil na druhý;29189;24909;22836;21539;20017;85,336942;78,23495152;73,7914968;68,57720374;;
Evropa - Ruský šáhid, který vybuchl v Polsku, přiletěl z Běloruska;29083;21022;16446;12713;9272;72,28277688;56,54849912;43,71282192;31,88116769;;
Zahraniční - V moskevském ikonickém obchodním domě Dětskij mir došlo k výbuchu;27742;23299;23108;20101;20087;83,98457213;83,29608536;72,45692452;72,40645952;;
Film - Aneta Krejčíková a Igor Orozovič jako městská holka a horský záchranář. Film Na horách se představuje;27030;23141;20425;17537;12985;85,61228265;75,56418794;64,87976323;48,03921569;;14514,14286
Film - Chci žraloky ukázat v reálném světle, říká režisér Nebezpečných zvířat. Ve filmu jim předhazuje omámené turisty;25864;21115;18233;15674;11483;81,63857099;70,49566966;60,60160841;44,39761831;;
Krimi - „Někdo je upálil zaživa,“ oplakává majitelka feny, které uhořely na Karlovarsku;24390;22079;20401;20247;19259;90,52480525;83,64493645;83,01353014;78,96268963;;
Koktejl - Největší simultánní demolice chladících věží v historii, k zemi jich šlo naráz osm;24174;21714;17280;13174;9906;89,82377761;71,48175726;54,49656656;40,97791015;;
Krimi - Zoufalý výtržník s nožem skončil v psychiatrické léčebně. Záznam zadržení je nejlepším policejním videem;23497;21695;16398;13269;7373;92,33093586;69,78763246;56,47103886;31,37847385;;117383,7143
Zbytečná válka - Když obhajovali znásilňování dětí, nemohl jsem být neutrální, říká člen štábu Velkého vlasteneckého výletu;22896;5861;2299;1546;901;25,59835779;10,04105521;6,752271139;3,935185185;;59025,28571
Krimi - Pouliční kamera zachytila pokus uplatit úřednici na Ústecku;21528;19732;19623;18329;874;91,65737644;91,15105909;85,14028242;4,05982906;;
Zahraniční - Někdo u toho velmi chce být. Trump láká Putina na mistrovství světa ve fotbale;20881;18631;18352;17294;17291;89,22465399;87,88851109;82,82170394;82,80733681;;
Počasí - Přes tisíc obětí veder ve Španělsku. Stromy a klimatizace mohou rozhodovat o životě;20515;17170;15652;14180;12629;83,69485742;76,29539361;69,12015598;61,55983427;;
Válka na Ukrajině - Ukrajinci udeřili na ropovod Družba v ruské Brjanské oblasti;19951;11348;5880;3664;2270;56,87935442;29,47220691;18,36499424;11,3778758;;
Koktejl - Ve Švédsku přesouvají 113 let starý kostel, pět kilometrů urazí za dva dny;19625;227;123;80;53;1,156687898;0,626751592;0,407643312;0,270063694;;
Lifestyle - Ve wingsuitu se vznášel jen pár metrů nad Stolovou horou. Nejde o extrémní sport, tvrdí;19528;17975;17228;15376;13066;92,04731667;88,22204015;78,73822204;66,90905367;;
Řetězák - Neexistující armáda voličů. Strašení korespondenční volbou hrubě nevyšlo;19374;8786;4338;2624;1601;45,34943739;22,39083308;13,54392485;8,263652318;;
Věda a školy - V Indonésii objevili lidmi vytvořené kamenné nástroje staré až 1,5 milionu let;19305;15427;13904;11302;10258;79,91193991;72,02279202;58,54441854;53,13649314;;
Hry a herní systémy - Gamescom 2025: Policejní auto z GTA VI se prodalo v aukci za 325 000 Kč;18710;8243;5225;3714;2325;44,0566542;27,92624265;19,85034741;12,42650989;;
Film - Zemřel herec Terence Stamp;18707;11371;7856;5617;4501;60,78473299;41,99497514;30,0261934;24,06051211;;13437
Krimi - V Ostravě hoří hala s odpadem, plameny likvidují desítky hasičů;18131;15473;15345;13565;13564;85,34002537;84,63405218;74,81661243;74,81109702;;
Krimi - Řidič motorky nepřežil střet s autem na křižovatce u Prahy;17840;14196;11440;11335;10593;79,57399103;64,12556054;63,53699552;59,37780269;;
Express - EXPRESS NOVINEK: Setkání Trumpa, Zelenského a evropských lídrů v Bílém domě;17801;1620;942;679;455;9,100612325;5,291837537;3,81439245;2,556036178;;
Válka na Ukrajině - Ukrajinští mariňáci v noci vztyčili v okupované Chersonské oblasti vlajku Ukrajiny;17663;15701;14057;12461;11794;88,8920342;79,58444205;70,54860443;66,77234898;;
Válka na Ukrajině - ON-LINE: USA se budou podílet na bezpečnostních zárukách pro Ukrajinu, řekl Trump;17504;15761;15356;14289;13384;90,04227605;87,7285192;81,63276965;76,46252285;;17504
Věda a školy - Plynaři v Peru při kopání objevili dvě tisíc let staré hrobky;16569;12837;11191;9762;8413;77,47600942;67,54179492;58,91725511;50,77554469;;15813,42857
Krimi - Za brutální útok na dvě dívky dostal bývalý úředník ministerstva spravedlnosti podmínku;16493;14025;13029;10486;9234;85,03607591;78,99715031;63,57848784;55,98738859;;
Kraj Vysočina - Už je skoro hotovo. Bagr zavěšený na jeřábu nadále bourá stometrový komín dukovanské elektrárny;15946;13064;10818;7493;6100;81,92650194;67,84146494;46,98984071;38,25410761;;108497,8571
AI - AI vrátila ženě hlas po 25 letech. Stačilo osm vteřin staré nahrávky;15292;12494;10200;8086;6541;81,70285116;66,70154329;52,87732148;42,77399948;;
Ústecký kraj - U Měděnce v Krušných horách na Chomutovsku se po letech bude znovu těžit;14768;13336;12577;11805;11573;90,30335861;85,16386782;79,93634886;78,36538462;;
Bydlení - Vodárenská věž v Jičíně nabízí netradiční nocleh s perličkou pro odvážlivce;14339;9973;8120;6839;5704;69,55157263;56,62877467;47,69509729;39,77962201;;13327,85714
Krimi - Tragická nehoda na Táborsku. Řidič škody narazil do stromu u silnice;14336;12555;11111;9322;8579;87,57672991;77,50418527;65,02511161;59,84235491;;
Podcasty a pořady - Ondřej Neff o srpnu 1968: Po chodbách rozhlasu jsme doslova šli krví;14221;1408;928;726;429;9,900850854;6,52556079;5,105126222;3,016665495;;
Krimi - Muž ve Varech vyhodil psa z pátého patra. Dostal čtyři roky vězení;14005;12692;11689;10957;10957;90,62477687;83,46304891;78,23634416;78,23634416;;
Koktejl - Na dálnici v Číně se zřítil jeřáb, pohotový řidič odvrátil střet v poslední vteřině;13898;12528;10687;10297;9169;90,14246654;76,89595625;74,08979709;65,97352137;;
Bydlení - DJ si kvůli stížnostem od sousedů předělal nahrávací studio. Vstup má jako do kadibudky;13825;10881;7253;4436;2898;78,70524412;52,46292948;32,08679928;20,96202532;;
Cestování - Turisty na řecké pláži překvapil rohatý bandita;13189;11261;9148;7959;6157;85,38175753;69,360831;60,34574266;46,68284176;;35010,14286
Domácí - Ve Vršovicích se jela Formule 1 ve skateboardingu. Hlavně to přežít, říkali jezdci o extrémním závodě;12877;10341;8540;7485;6336;80,30597189;66,31979498;58,12689291;49,20400714;;
Krimi - Má zákaz řízení a nesmí do Česka. Jízda opilého Poláka skončila u Olomouce;12865;11908;11393;10595;10594;92,56121259;88,55810338;82,35522736;82,34745433;;12151,14286
Domácí - S kamerou na stavbě Dvoreckého mostu. Hotový by měl být v únoru;12822;10691;9591;8665;7497;83,38012791;74,80112307;67,57916082;58,4698175;;
Moravskoslezský kraj - Originál od Kodeta odnesli zloději do šrotu, novou lázeňskou kolonádu v Darkově zdobí replika;12292;9440;7463;5841;5283;76,79791734;60,71428571;47,51871136;42,97917345;;
Tipy na výlety - Roztomilá mláďata rysů lákají kousek za české hranice. Jejich spatření se rovná výhře v loterii;12157;9925;8803;7848;6456;81,64020729;72,41095665;64,55540018;53,10520688;;
Válka na Ukrajině - Ruský útok zasáhl americký podnik v Mukačevu. Kousek od hranice Slovenska;11852;10076;9260;8291;7703;85,01518731;78,13027337;69,95443807;64,99325008;;
Amerika - Před 36 lety zavraždil s bratrem své rodiče. Soud Erikovi Menendezovi zamítl žádost o propuštění;11098;10135;9496;8809;8623;91,32276086;85,56496666;79,3746621;77,69868445;;
Krimi - Policie na Kolínsku prověřuje vraždu, zadržela podezřelého;10740;7601;6313;4584;4019;70,77281192;58,78026071;42,68156425;37,42085661;;10740
Královéhradecký kraj - Kostel v Neratově má po 80 letech varhany, původně hrály v Karolinu;10006;8018;6664;5922;5159;80,13192085;66,60003998;59,18448931;51,55906456;;9548,428571
Koktejl - Řidička v Číně prorazila na parkovišti u koupaliště živý plot a sjela i s dítětem do bazénu;9890;9144;7848;7264;6098;92,4570273;79,3528817;73,4479272;61,65824065;;
Hardware - Box, fotbal i štafeta. Humanoidní roboti se utkali na multisportovním klání v Číně;9532;8843;8207;7341;6109;92,77171632;86,09945447;77,01426773;64,08938313;;8742,857143
Krimi - Předstíral koupi telefonu, místo peněz vytasil pepřák. Zloděje ovšem natočila kamera;9242;7867;7227;5783;5041;85,12226791;78,19735988;62,57303614;54,54447089;;
Krimi - Bělorus při jízdě přes Česko nechal v kamionu udusit Syřanku, hrozí mu 12 let;9134;8391;7839;7178;6828;91,86555726;85,82220276;78,58550471;74,75366762;;
Zahraniční - Muž založil požár na letišti v Itálii. Rozbíjel přepážky kladivem;8914;7616;6657;6138;4883;85,43863585;74,68027821;68,85797622;54,77899933;;
Hry a herní systémy - Za pět dní 800 tisíc prodaných kopií. Mafia: Domovina je hit;8859;6105;5034;3910;2791;68,91296986;56,82356925;44,13590699;31,5046845;;
Lifestyle - Linda s Markem poběží 700 km přes Alpy, aby se v Česku mohl vyrábět lék na rakovinu;8438;6377;5421;4266;3824;75,57478075;64,24508177;50,55700403;45,31879592;;
Hry a herní systémy - Gamescom 2025: Nejlepší videohry pro PC, konzole a mobily;8328;3933;2562;1833;1209;47,22622478;30,76368876;22,01008646;14,51729107;;
Hry a herní systémy - Gamescom 2025: Fanoušci očekávali senzace okolo GTA VI, odešli ale zklamaní;7988;5866;5148;4408;3753;73,43515273;64,44667001;55,18277416;46,98297446;;
Zahraniční - USA budují ambiciózní flotilu námořních dronů. Zatím je to velké fiasko;7938;6759;5731;5727;5717;85,14739229;72,19702696;72,14663643;72,02066012;;
Hlavní město Praha - Před ruskou ambasádou si srpen 1968 připomněly stovky lidí s ukrajinskými vlajkami;7674;4550;3312;2566;2029;59,29111285;43,15871775;33,43758144;26,43992703;;
Film - Neobratný anděl Keanu Reeves hledá smysl své práce. Komedie Boží úlet se blíží do kin;7513;6012;5060;4529;3493;80,02129642;67,34992679;60,28217756;46,49274591;;7002
Krimi - Dálnici D5 zablokovala nehoda dvou kamionů;7442;6249;5445;5350;4911;83,96936307;73,16581564;71,88927708;65,99032518;;
2. světová válka - Japonsko kapitulovalo. Jeho poslední voják bojoval dalších 29 let;7223;6272;5928;5623;4951;86,8337256;82,07116157;77,84853939;68,54492593;;15720,57143
Koktejl - Mořská vlna v Indonésii smetla mladý pár z balvanu, když si pořizoval romantické selfie;6626;6109;5061;5013;4618;92,19740417;76,38092363;75,65650468;69,69514036;;57198,71429
Film - Dwayne Johnson je Mlátička. Sportovní drama vypráví skutečný příběh amerického zápasníka;6595;5021;4128;3470;2397;76,13343442;62,59287339;52,61561789;36,34571645;;
Válka na Ukrajině - Ruské síly udeřily na Charkov a Sumy. Mezi mrtvými je roční dítě;6336;4831;4207;3141;2755;76,24684343;66,39835859;49,57386364;43,48169192;;6277,714286
PoliTalk - Nenávistné reakce na můj status umělce jsem čekal. Nikdo to lidem ani nevysvětlil, říká básník Lipár;6281;374;193;148;89;5,954465849;3,072759115;2,356312689;1,41697182;;
Krimi - Nechal se zbytečně vyprovokovat a opilce pobodal. Dostal deset a půl roku;6138;5686;5652;5118;139;92,6360378;92,08211144;83,38220919;2,264581297;;
Krimi - Při nehodě na Českobudějovicku zemřel mladý řidič;5952;4938;4139;4086;3781;82,96370968;69,53965054;68,64919355;63,52486559;;
Jihomoravský kraj - Slovenskou spalovnu tady nechceme, přišli říct Hladíkovi lidé ze Sudoměřic;5939;5296;4777;4539;4276;89,17326149;80,43441657;76,42700791;71,99865297;;
Krimi - Řidič na Plzeňsku nedal v křižovatce přednost. Po srážce skončilo pět lidí v nemocnici;5859;5050;4434;3712;3538;86,19218297;75,67844342;63,35552142;60,38573135;;
Válka na Ukrajině - Raketový útok na západě Ukrajiny, výbuchy jsou hlášeny ve Lvově a Mukačevu;5802;4361;3836;3383;3200;75,16373664;66,11513271;58,30748018;55,15339538;;
Film - RECENZE: Velký vlastenecký výlet přináší sondu do hlubin dezolátovy duše;5672;4829;4425;4014;3357;85,13751763;78,01480959;70,76868829;59,1854725;;
Jihomoravský kraj - Chátrající zámek v Bzenci dostává novou tvář, po rekonstrukci v něm bude městský úřad;5580;4988;4499;4133;3934;89,390681;80,62724014;74,06810036;70,50179211;;
Hry a herní systémy - Gamescom 2025: Načasování nemohlo být horší, Sony zdražuje PlayStation 5;5355;3980;3103;2764;2316;74,32306256;57,945845;51,61531279;43,24929972;;
Zahraniční - Zbytečná smrt. Dvanáctiletý chlapec plnil výzvu na TikToku;4997;4100;3717;3382;3257;82,04922954;74,38463078;67,68060837;65,17910746;;
Krimi - V Brně hořel bytový dům, seniorku zachraňovali policisté po žebříku půjčeném od sousedů;4980;3605;2843;2437;2035;72,38955823;57,08835341;48,93574297;40,86345382;;
Krimi - Policie dopadla muže, který měl v Praze osahávat ženy. Byla to klukovina, vysvětlil;4711;4128;3729;3341;2932;87,62470813;79,15516875;70,91912545;62,23731692;;
Koktejl - Letadlo s 62 cestujícími absolvovalo cestu z Floridy do Texasu s poškozeným křídlem;4694;4310;4105;4059;3872;91,81934384;87,45206647;86,47209203;82,48828291;;
Krimi - Vězni na Sokolovsku měli plánovat vraždu dozorce. Když jim to nevyšlo, chtěli shořet v cele;4540;4082;4056;3762;3759;89,91189427;89,33920705;82,86343612;82,79735683;;
Parlamentní volby - Motoristé rozjeli agitku na Barum Rally. Turka šéf závodu vyškrtl;4495;3577;3105;2568;2261;79,57730812;69,07675195;57,13014461;50,3003337;;6660,714286
Počasí - Hurikán Erin se po řádění v Karibiku řítí na pobřeží USA a Kanady;4273;3081;2395;1864;1524;72,10390826;56,04961385;43,62274748;35,66580857;;4138
Ekonomika - Brněnský Zetor loni vykázal stamilionové ztráty, navíc skončilo 200 zaměstnanců;4181;3702;3553;3374;3283;88,54341067;84,97966994;80,69839751;78,52188472;;
Krimi - Úřad nepotrestal řidiče formule z dálnice D4. Identifikaci znemožnila helma;3956;3566;3254;3184;3058;90,14155713;82,25480283;80,48533873;77,30030334;;
Hlavní město Praha - Stavba tramvajové linky v Malešicích potrvá další dva roky;3779;2593;2051;1682;1357;68,61603599;54,27361736;44,5091294;35,90897063;;3576
Zlínský kraj - Modernizace železniční trati do Zlína začne do půl roku;3682;3147;2942;2735;2681;85,46985334;79,90222705;74,28028246;72,81368821;;3511,428571
Mobil - Extrémně tenký mobil od Samsungu zamířil do Česka. Na začátek je o 7500 Kč levnější;3667;2311;1899;1568;1568;63,0215435;51,78620125;42,75974911;42,75974911;;21701
Domácí - Los Emil si pod policejním dohledem užil procházku nočním Hodonínem;3595;3128;2712;2217;1987;87,00973574;75,43810848;61,6689847;55,27121001;;30347,71429
Válka na Ukrajině - Rusko bezprostředně po jednání ve Washingtonu podniklo rozsáhlé útoky na Ukrajině;3456;2949;2937;2629;2629;85,32986111;84,98263889;76,07060185;76,07060185;;
Krimi - Majitel zooparku ve Zvoli, kde policie zastřelila lva, odvezl levharta;3440;2392;1733;1449;1154;69,53488372;50,37790698;42,12209302;33,54651163;;3079,571429
Krimi - Na Plzeňsku hořel bytový dům. Dva hasiči se zranili;3252;2544;2107;1763;1638;78,22878229;64,79089791;54,21279213;50,36900369;;
Zahraniční - Při zřícení atrakce z patnáctimetrové výšky se v Indii zranilo pět lidí;3072;2890;2539;2499;2324;94,07552083;82,64973958;81,34765625;75,65104167;;
Vtipy - Roztomilé přeřeknutí Kateřiny Konečné, nebo hrozivá pravda?;3053;2544;2461;2283;2283;83,32787422;80,60923682;74,77890599;74,77890599;;
Hardware - Gamescom 2025: Xbox i na cesty, nová konzole dorazí už v říjnu;2694;2069;1796;1198;836;76,80029696;66,66666667;44,46919079;31,03192279;;
Věda a školy - Kanibalismus v pravěku: Od boje o přežití k brutálnímu vyhlazení nepřítele;2584;2306;2219;2135;2004;89,24148607;85,874613;82,62383901;77,55417957;;5061,571429
Divadlo - Generála Custera hraje přes dvacet let, Václav Vydra opět táhne na Little Bighorn;2578;1775;1446;1197;997;68,85182312;56,08999224;46,43134213;38,67339022;;5798,571429
Koktejl - Turista šel do výběhu ke krokodýlovi pro selfie v domnění, že je to atrapa. Nebyla;2526;2381;2213;2033;1835;94,25969913;87,60886778;80,48297704;72,64449723;1728;1493,857143
Koktejl - Nová Grumpy Cat? Věčně zamračená kočka má možnou následovnici;2299;1920;1636;1360;1316;83,51457155;71,16137451;59,15615485;57,24227925;;
Domácí - Služba vlasti i odloučení od rodiny. Skoro 500 vojáků získalo ocenění za nasazení na misích;2198;1517;1236;975;777;69,01728844;56,23293904;44,35850773;35,35031847;;
Bydlení - Fanda do vlaků bydlí v opuštěném nádraží. Teď k němu přidal i luxusně zařízený historický vagon;2193;1794;1605;1439;1277;81,80574555;73,1874145;65,61787506;58,23073415;;22616
Počasí - Stoupající hladina moří boří domy. Egyptská Alexandrie čelí nové hrozbě;2137;1932;1740;1512;1332;90,40711277;81,42255498;70,75339261;62,33036968;;1808,142857
Komentáře - Trefa Adély Knapové: Ukrajinci touží po míru, Rusko za každou cenu vyhrát;2029;1440;1034;794;682;70,97092164;50,96106456;39,13257762;33,61261705;;
Krimi - Zloději v Praze strhávají turistům sledujícím orloj zlaté šperky z krku;1953;1744;1642;1535;1429;89,2985151;84,07578085;78,59703021;73,16948285;4499,285714;284,7142857
Počasí - Požáry ve Španělsku a Portugalsku mají další oběti, uzavřeli poutní cestu do Santiaga;1828;1612;1460;1305;1230;88,18380744;79,86870897;71,38949672;67,28665208;;1665
Zahraniční - Krokodýl usmrtil 13letého indonéského chlapce, který si šel do řeky pro zakopnutý míč;1799;1680;1629;1584;1530;93,38521401;90,55030573;88,04891606;85,04724847;;
Plzeňský kraj - Plzeň touží po soukromé rozhledně na Chlumu, možná ji smění za pozemky;1797;1650;1592;1534;1464;91,8196995;88,59209794;85,36449638;81,46911519;;
TV a streaming - RECENZE: Seriál Mladá krev sází na neokoukané tváře a zkušenou režisérku;1759;1572;1459;1339;1338;89,36895964;82,94485503;76,12279704;76,06594656;;
Zdraví - Cvičení, kvůli kterému nemusíte vstát z gauče;1734;1422;1257;1112;966;82,00692042;72,49134948;64,12918108;55,70934256;;1628,714286
Krimi - V bytě v Libčicích nad Vltavou hořelo, uvnitř našli mrtvého muže;1713;1389;1177;1177;1177;81,08581436;68,70986573;68,70986573;68,70986573;;
Koktejl - Krysa v Kambodži vytvořila nový rekord, našla 109 nevybuchlých min;1709;1588;1539;1323;1250;92,91983616;90,05266238;77,41369222;73,14218841;;1435,142857
Film - RECENZE: Nikdo 2 – nájemný vrah workoholik řádí na dovolené;1622;1251;1098;941;641;77,1270037;67,69420469;58,01479655;39,51911221;;
Cestování - Chorvatské město, kde moře hraje a slunce svítí i v noci;1620;1120;944;766;688;69,13580247;58,27160494;47,28395062;42,4691358;;19677,57143
Hry a herní systémy - Gamescom 2025: V Kingdom Come: Deliverance II si otevřete kovárnu, nové rozšíření je za rohem;1588;1269;1140;1010;898;79,91183879;71,7884131;63,60201511;56,54911839;;
Domácí - Lži a hrozby. Moskva působila na zahraničí vždy stejně, řekl Lipavský na festivalu NeverMore 68;1472;967;760;618;495;65,69293478;51,63043478;41,98369565;33,62771739;;
Bydlení - Prodali vše a žijí v chatce na třiceti metrech čtverečních. Když si lezou na nervy, jdou se projít;1330;1036;885;667;567;77,89473684;66,54135338;50,15037594;42,63157895;;
Krimi - Policie honila ujíždějící BMW po D1 z Prahy až na Vysočinu;1285;1166;1145;1009;944;90,73929961;89,10505837;78,52140078;73,46303502;;
Počasí - Počet obětí záplav v Pákistánu stoupl téměř na 700. Kondoloval i prezident Pavel;1267;1073;919;746;565;84,68823994;72,5335438;58,8792423;44,59352802;;
Domácí - Zdravotníci připravili letní kino pro nemocné. Sledovali film z polohovacích postelí i vozíků;1266;1018;919;708;596;80,4107425;72,59083728;55,92417062;47,07740916;;
Film - Neznámý příběh judisty Lukáše Krpálka. V dokumentu Jemný rváč vystupuje i Ondřej Vetchý;1259;908;770;685;425;72,12073074;61,15965052;54,40826052;33,75694996;;840,8571429
Jihomoravský kraj - Řemeslníci opravují historické strážnické brány, rukama jim projde každá cihla;1242;1065;1055;937;937;85,74879227;84,94363929;75,44283414;75,44283414;;
Koktejl - Němka přenechala koupelnu holubům, sprchovat se chodí k příteli;1147;1035;939;869;793;90,23539669;81,8657367;75,76285963;69,13687881;6174,107143;735,7142857
Film - Velký vlastenecký výlet: Hrůzy, které zazní od dezolátů na válečné Ukrajině;1110;983;956;923;775;88,55855856;86,12612613;83,15315315;69,81981982;15084,46429;852
Řetězák - Internetem se šíří smutné pohledy údajných zadržených britských vojáků. Jde o dílo umělé inteligence;1110;450;298;208;80;40,54054054;26,84684685;18,73873874;7,207207207;;5568,857143
Hry a herní systémy - Gamescom 2025: 10 nejlepších trailerů z největšího herního veletrhu na světě;1110;847;715;577;301;76,30630631;64,41441441;51,98198198;27,11711712;;
Věda a školy - Vzácné záběry. Mezihvězdnou kometu 3IATLAS mají vědci dále „v hledáčku“;1107;982;838;710;577;88,70822042;75,70009033;64,13730804;52,12285456;;913,5714286
Koktejl - Seniorka finále Miss Universe Korea nevyhrála, získala cenu za nejhezčí šaty;1094;858;785;723;674;78,42778793;71,75502742;66,08775137;61,60877514;;
Hry a herní systémy - Gamescom 2025: Tankové bitvy v jedné rodině. World of Tanks chystá novinky;1070;833;677;541;305;77,85046729;63,27102804;50,56074766;28,5046729;;
Krimi - Jeřáb nesundal rameno a narazil jím do mostu na dálnici D3;1068;884;788;590;486;82,77153558;73,78277154;55,24344569;45,50561798;;36801,57143
Film - Oběti vypreparoval orgány, nakonec jí vyčistil zuby. Do kin míří Stvůry podle české detektivky roku;1037;819;658;539;390;78,97782064;63,45226615;51,97685632;37,60848602;;6862,142857
Krimi - Ukradené cenné sochy od Kodeta a Brože sešrotovali ve sběrně;1025;849;760;652;572;82,82926829;74,14634146;63,6097561;55,80487805;;
Koktejl - Krysa pobíhala řidiči na kapotě, když jel po čínské dálnici;1003;866;802;730;730;86,34097707;79,96011964;72,78165503;72,78165503;;3348